{"accuracy":0.8684727229164887,"loss":0.062474343918138595,"_timestamp":1.7483546660638013e+09,"_runtime":6.8874303,"_step":9,"_wandb":{"runtime":10}}