{"_timestamp":1.7483542280602286e+09,"_runtime":8180.1744946,"_step":19,"epoch":10,"accuracy":0.8311113576790939,"loss":0.12895205070758173,"_wandb":{"runtime":8203}}